<?xml version="1.0" encoding="UTF-8"?>
<project-private xmlns="http://www.netbeans.org/ns/project-private/1">
    <editor-bookmarks xmlns="http://www.netbeans.org/ns/editor-bookmarks/2" lastBookmarkId="1"/>
    <open-files xmlns="http://www.netbeans.org/ns/projectui-open-files/2">
        <group>
            <file>file:/E:/Jose%20Luis/Continental/2021/semestre%201/POO/Unidad%203/PA3_Final/SMEApp/src/pe/ucont/smeapp/modelo/cajero.java</file>
            <file>file:/E:/Jose%20Luis/Continental/2021/semestre%201/POO/Unidad%203/PA3_Final/SMEApp/src/pe/ucont/smeapp/modelo/persona.java</file>
            <file>file:/E:/Jose%20Luis/Continental/2021/semestre%201/POO/Unidad%203/PA3_Final/SMEApp/src/pe/ucont/smeapp/modelo/cuenta.java</file>
            <file>file:/E:/Jose%20Luis/Continental/2021/semestre%201/POO/Unidad%203/PA3_Final/SMEApp/src/pe/ucont/smeapp/modelo/movimiento.java</file>
            <file>file:/E:/Jose%20Luis/Continental/2021/semestre%201/POO/Unidad%203/PA3_Final/SMEApp/src/pe/ucont/smeapp/db/AccesoDB.java</file>
            <file>file:/E:/Jose%20Luis/Continental/2021/semestre%201/POO/Unidad%203/PA3_Final/SMEApp/src/pe/ucont/smeapp/prueba/Prueba01.java</file>
            <file>file:/E:/Jose%20Luis/Continental/2021/semestre%201/POO/Unidad%203/PA3_Final/SMEApp/src/pe/ucont/smeapp/service/AtmService.java</file>
            <file>file:/E:/Jose%20Luis/Continental/2021/semestre%201/POO/Unidad%203/PA3_Final/SMEApp/src/pe/ucont/smeapp/modelo/tipomovimiento.java</file>
            <file>file:/E:/Jose%20Luis/Continental/2021/semestre%201/POO/Unidad%203/PA3_Final/SMEApp/src/pe/ucont/smeapp/view/SMEView.java</file>
        </group>
    </open-files>
</project-private>
